"source_file","choice_list_property","value","label"
"lib/constants.ts","MINISTRIES_DEPARTMENTS_AGENCIES","mof","Ministry of Finance, Economic Affairs and Investment"
"lib/constants.ts","MINISTRIES_DEPARTMENTS_AGENCIES","mag","Ministry of the Attorney General and Legal Affairs"
"lib/constants.ts","MINISTRIES_DEPARTMENTS_AGENCIES","mps","Ministry of the Public Service"
"lib/constants.ts","MINISTRIES_DEPARTMENTS_AGENCIES","moed","Ministry of Education, Technological and Vocational Training"
"lib/constants.ts","MINISTRIES_DEPARTMENTS_AGENCIES","moh","Ministry of Health and Wellness"
"lib/constants.ts","MINISTRIES_DEPARTMENTS_AGENCIES","moha","Ministry of Home Affairs and Information"
"lib/constants.ts","MINISTRIES_DEPARTMENTS_AGENCIES","mfa","Ministry of Foreign Affairs and Foreign Trade"
"lib/constants.ts","MINISTRIES_DEPARTMENTS_AGENCIES","mlgrd","Ministry of Local Government and Rural Development"
"lib/constants.ts","MINISTRIES_DEPARTMENTS_AGENCIES","mhle","Ministry of Housing, Lands and the Environment"
"lib/constants.ts","MINISTRIES_DEPARTMENTS_AGENCIES","mmw","Ministry of Maritime Affairs and the Blue Economy"
"lib/constants.ts","MINISTRIES_DEPARTMENTS_AGENCIES","mtw","Ministry of Transport and Works"
"lib/constants.ts","MINISTRIES_DEPARTMENTS_AGENCIES","mte","Ministry of Tourism and International Transport"
"lib/constants.ts","MINISTRIES_DEPARTMENTS_AGENCIES","mlss","Ministry of Labour and Social Security"
"lib/constants.ts","MINISTRIES_DEPARTMENTS_AGENCIES","mycs","Ministry of Youth, Sports and Community Empowerment"
"lib/constants.ts","MINISTRIES_DEPARTMENTS_AGENCIES","mca","Ministry of Creative Economy, Culture and Sports"
"lib/constants.ts","MINISTRIES_DEPARTMENTS_AGENCIES","msme","Ministry of Small Business, Entrepreneurship and Commerce"
"lib/constants.ts","MINISTRIES_DEPARTMENTS_AGENCIES","mag-energy","Ministry of Agriculture, Food and Nutritional Security"
"lib/constants.ts","MINISTRIES_DEPARTMENTS_AGENCIES","meit","Ministry of Energy and Business Development"
"lib/constants.ts","MINISTRIES_DEPARTMENTS_AGENCIES","pm-office","Office of the Prime Minister"
"lib/constants.ts","MINISTRIES_DEPARTMENTS_AGENCIES","air-nav","Air Navigation Services Department"
"lib/constants.ts","MINISTRIES_DEPARTMENTS_AGENCIES","analytical","Analytical Services"
"lib/constants.ts","MINISTRIES_DEPARTMENTS_AGENCIES","bbsa","Barbados Building Standards Authority"
"lib/constants.ts","MINISTRIES_DEPARTMENTS_AGENCIES","drug-service","Barbados Drug Service"
"lib/constants.ts","MINISTRIES_DEPARTMENTS_AGENCIES","bgis","Barbados Government Information Service"
"lib/constants.ts","MINISTRIES_DEPARTMENTS_AGENCIES","prison","Barbados Prison Service"
"lib/constants.ts","MINISTRIES_DEPARTMENTS_AGENCIES","gender-affairs","Bureau of Gender Affairs"
"lib/constants.ts","MINISTRIES_DEPARTMENTS_AGENCIES","central-purchasing","Central Purchasing Department"
"lib/constants.ts","MINISTRIES_DEPARTMENTS_AGENCIES","children-dev","Children"
"lib/constants.ts","MINISTRIES_DEPARTMENTS_AGENCIES","cooperatives","Co-operatives Department"
"lib/constants.ts","MINISTRIES_DEPARTMENTS_AGENCIES","czmu","Coastal Zone Management Unit"
"lib/constants.ts","MINISTRIES_DEPARTMENTS_AGENCIES","community-dev","Community Development Department"
"lib/constants.ts","MINISTRIES_DEPARTMENTS_AGENCIES","consular","Consular and Diaspora Division"
"lib/constants.ts","MINISTRIES_DEPARTMENTS_AGENCIES","caipo","Corporate Affairs and Intellectual Property Office"
"lib/constants.ts","MINISTRIES_DEPARTMENTS_AGENCIES","cjrpu","Criminal Justice Research and Planning Unit"
"lib/constants.ts","MINISTRIES_DEPARTMENTS_AGENCIES","customs","Customs and Excise Department"
"lib/constants.ts","MINISTRIES_DEPARTMENTS_AGENCIES","archives","Department of Archives"
"lib/constants.ts","MINISTRIES_DEPARTMENTS_AGENCIES","commerce","Department of Commerce and Consumer Affairs"
"lib/constants.ts","MINISTRIES_DEPARTMENTS_AGENCIES","constituency","Department of Constituency Empowerment"
"lib/constants.ts","MINISTRIES_DEPARTMENTS_AGENCIES","dem","Department of Emergency Management"
"lib/constants.ts","MINISTRIES_DEPARTMENTS_AGENCIES","youth-affairs","Division of Youth Affairs"
"lib/constants.ts","MINISTRIES_DEPARTMENTS_AGENCIES","ebc","Electoral & Boundaries Commission"
"lib/constants.ts","MINISTRIES_DEPARTMENTS_AGENCIES","epd","Environmental Protection Department"
"lib/constants.ts","MINISTRIES_DEPARTMENTS_AGENCIES","fire-service","Fire Service Department"
"lib/constants.ts","MINISTRIES_DEPARTMENTS_AGENCIES","fisheries","Fisheries Division"
"lib/constants.ts","MINISTRIES_DEPARTMENTS_AGENCIES","forensic","Forensic Sciences Centre"
"lib/constants.ts","MINISTRIES_DEPARTMENTS_AGENCIES","geed","Government Electrical Engineering Department"
"lib/constants.ts","MINISTRIES_DEPARTMENTS_AGENCIES","gis","Government Industrial School"
"lib/constants.ts","MINISTRIES_DEPARTMENTS_AGENCIES","gpd","Government Printing Department"
"lib/constants.ts","MINISTRIES_DEPARTMENTS_AGENCIES","immigration","Immigration Department"
"lib/constants.ts","MINISTRIES_DEPARTMENTS_AGENCIES","ibfs","International Business & Financial Services Unit"
"lib/constants.ts","MINISTRIES_DEPARTMENTS_AGENCIES","labour","Labour Department"
"lib/constants.ts","MINISTRIES_DEPARTMENTS_AGENCIES","land-registration","Land Registration Department"
"lib/constants.ts","MINISTRIES_DEPARTMENTS_AGENCIES","lands-surveys","Lands and Surveys Department"
"lib/constants.ts","MINISTRIES_DEPARTMENTS_AGENCIES","licensing","Licensing Authority"
"lib/constants.ts","MINISTRIES_DEPARTMENTS_AGENCIES","media-resource","Media Resource Department"
"lib/constants.ts","MINISTRIES_DEPARTMENTS_AGENCIES","met-office","Meteorological Office"
"lib/constants.ts","MINISTRIES_DEPARTMENTS_AGENCIES","disabilities","National Disabilities Unit"
"lib/constants.ts","MINISTRIES_DEPARTMENTS_AGENCIES","hiv-aids","National HIV/AIDS Commission"
"lib/constants.ts","MINISTRIES_DEPARTMENTS_AGENCIES","nis","National Insurance Department"
"lib/constants.ts","MINISTRIES_DEPARTMENTS_AGENCIES","library","National Library Service"
"lib/constants.ts","MINISTRIES_DEPARTMENTS_AGENCIES","nutrition","National Nutrition Centre"
"lib/constants.ts","MINISTRIES_DEPARTMENTS_AGENCIES","natural-heritage","Natural Heritage Department"
"lib/constants.ts","MINISTRIES_DEPARTMENTS_AGENCIES","opsr","Office of Public Sector Reform"
"lib/constants.ts","MINISTRIES_DEPARTMENTS_AGENCIES","auditor-general","Office of the Auditor General"
"lib/constants.ts","MINISTRIES_DEPARTMENTS_AGENCIES","ombudsman","Office of the Ombudsman"
"lib/constants.ts","MINISTRIES_DEPARTMENTS_AGENCIES","post-office","Post Office"
"lib/constants.ts","MINISTRIES_DEPARTMENTS_AGENCIES","probation","Probation Department"
"lib/constants.ts","MINISTRIES_DEPARTMENTS_AGENCIES","psychiatric","Psychiatric Hospital"
"lib/constants.ts","MINISTRIES_DEPARTMENTS_AGENCIES","registration","Registration Department"
"lib/constants.ts","MINISTRIES_DEPARTMENTS_AGENCIES","statistics","Statistical Services Department"
"lib/constants.ts","MINISTRIES_DEPARTMENTS_AGENCIES","sports-council","The National Sports Council"
"lib/constants.ts","MINISTRIES_DEPARTMENTS_AGENCIES","police","The Police Department"
"lib/constants.ts","MINISTRIES_DEPARTMENTS_AGENCIES","public-markets","The Public Markets"
"lib/constants.ts","MINISTRIES_DEPARTMENTS_AGENCIES","sjpi","The Samuel Jackman Prescod Institute of Technology"
"lib/constants.ts","MINISTRIES_DEPARTMENTS_AGENCIES","school-meals","The School Meals Department"
"lib/constants.ts","MINISTRIES_DEPARTMENTS_AGENCIES","treasury","Treasury Department"
"lib/constants.ts","MINISTRIES_DEPARTMENTS_AGENCIES","welfare","Welfare Department"
"lib/constants/taxonomy.ts","CONTRACT_TYPES","NEW","New"
"lib/constants/taxonomy.ts","CONTRACT_TYPES","SUP","Supplemental"
"lib/constants/taxonomy.ts","CONTRACT_TYPES","REN","Renewal"
"lib/constants/taxonomy.ts","CONTRACT_NATURE","NAT_GDS","Goods"
"lib/constants/taxonomy.ts","CONTRACT_NATURE","NAT_CSV","Consultancy / Services"
"lib/constants/taxonomy.ts","CONTRACT_NATURE","NAT_WKS","Works"
"lib/constants/taxonomy.ts","CONTRACT_CATEGORIES","CAT_PROC","Procurement of Goods & Services"
"lib/constants/taxonomy.ts","CONTRACT_CATEGORIES","CAT_CONS","Consultancy / Professional Services"
"lib/constants/taxonomy.ts","CONTRACT_CATEGORIES","CAT_EMP","Employment / Personnel"
"lib/constants/taxonomy.ts","CONTRACT_CATEGORIES","CAT_CONST","Construction / Public Works"
"lib/constants/taxonomy.ts","CONTRACT_CATEGORIES","CAT_LEASE","Lease / Property"
"lib/constants/taxonomy.ts","CONTRACT_CATEGORIES","CAT_MOU","Inter-Agency / MOU"
"lib/constants/taxonomy.ts","CONTRACT_CATEGORIES","CAT_OTHER","Other"
"lib/constants/taxonomy.ts","CONTRACT_INSTRUMENT_TYPES","GDS","Goods"
"lib/constants/taxonomy.ts","CONTRACT_INSTRUMENT_TYPES","UNI","Uniforms"
"lib/constants/taxonomy.ts","CONTRACT_INSTRUMENT_TYPES","SVC","Services"
"lib/constants/taxonomy.ts","CONTRACT_INSTRUMENT_TYPES","CLEAN","Cleaning Services"
"lib/constants/taxonomy.ts","CONTRACT_INSTRUMENT_TYPES","CONS_CO","Consultancy - Company"
"lib/constants/taxonomy.ts","CONTRACT_INSTRUMENT_TYPES","CONS_IND","Consultant/Independent Contractor"
"lib/constants/taxonomy.ts","CONTRACT_INSTRUMENT_TYPES","IC","Individual Consultant"
"lib/constants/taxonomy.ts","CONTRACT_INSTRUMENT_TYPES","IC_IDB","Individual Consultant (IDB-funded)"
"lib/constants/taxonomy.ts","CONTRACT_INSTRUMENT_TYPES","WKS","Works"
"lib/constants/taxonomy.ts","CONTRACT_INSTRUMENT_TYPES","OTHER","Other"
"lib/constants/taxonomy.ts","CONTRACT_STATUS","INTAKE","New / Intake Validation"
"lib/constants/taxonomy.ts","CONTRACT_STATUS","ASSIGNED","Assigned to Officer"
"lib/constants/taxonomy.ts","CONTRACT_STATUS","DRAFTING","Drafting"
"lib/constants/taxonomy.ts","CONTRACT_STATUS","SUP_REVIEW","With DSG/Supervisor Review"
"lib/constants/taxonomy.ts","CONTRACT_STATUS","SENT_MDA","Sent to Ministry"
"lib/constants/taxonomy.ts","CONTRACT_STATUS","RETURNED_MDA","Returned from Ministry"
"lib/constants/taxonomy.ts","CONTRACT_STATUS","FINAL_SIG","Finalization / Signature"
"lib/constants/taxonomy.ts","CONTRACT_STATUS","EXEC_ADJ","Execution / Adjudication"
"lib/constants/taxonomy.ts","CONTRACT_STATUS","ADJ_COMP","Adjudicated/Completed"
"lib/constants/taxonomy.ts","CONTRACT_STATUS","CLOSED","Closed"
"lib/constants/taxonomy.ts","CONTRACT_STATUS","RETURNED_CORR","Returned for Correction"
"lib/constants/taxonomy.ts","CONTRACT_STATUS","REJECTED","Rejected"
"lib/constants/taxonomy.ts","FUNDING_SOURCES","GOB","Government of Barbados"
"lib/constants/taxonomy.ts","FUNDING_SOURCES","IDB","Inter-American Development Bank (IDB)"
"lib/constants/taxonomy.ts","FUNDING_SOURCES","OTHER_DONOR","Other Donor/IFIs"
"lib/constants/taxonomy.ts","PROCUREMENT_METHODS","TENDER","Open Tender"
"lib/constants/taxonomy.ts","PROCUREMENT_METHODS","RFQ","Limited Tender"
"lib/constants/taxonomy.ts","PROCUREMENT_METHODS","DIRECT","Direct Purchase"
"lib/constants/taxonomy.ts","PROCUREMENT_METHODS","SSP","Single Source"
"lib/constants/taxonomy.ts","PROCUREMENT_METHODS","OTHER","Other"
"lib/constants/taxonomy.ts","CONTRACTING_PARTY_SCOPE","Local","Local"
"lib/constants/taxonomy.ts","CONTRACTING_PARTY_SCOPE","Regional","Regional"
"lib/constants/taxonomy.ts","CONTRACTING_PARTY_SCOPE","International","International"
"lib/constants/taxonomy.ts","CURRENCIES","BBD","Barbados Dollar"
"lib/constants/taxonomy.ts","CURRENCIES","USD","US Dollar"
"lib/constants/taxonomy.ts","CURRENCIES","OTHER","Other"
"lib/constants/taxonomy.ts","RETURN_TO_MDA_REASONS","Missing Documents","Missing Documents"
"lib/constants/taxonomy.ts","RETURN_TO_MDA_REASONS","Clarification Required","Clarification Required"
"lib/constants/taxonomy.ts","RETURN_TO_MDA_REASONS","Incorrect Template","Incorrect Template"
"lib/constants/taxonomy.ts","RETURN_TO_MDA_REASONS","Policy Approval Missing","Policy Approval Missing"
"lib/constants/taxonomy.ts","RETURN_TO_MDA_REASONS","Other","Other"
"lib/constants/taxonomy.ts","INTAKE_VALIDATION_STATUS","Validated","Validated"
"lib/constants/taxonomy.ts","INTAKE_VALIDATION_STATUS","Missing Documents","Missing Documents"
"lib/constants/taxonomy.ts","INTAKE_VALIDATION_STATUS","Returned to MDA","Returned to MDA"
"lib/constants/taxonomy.ts","INTAKE_VALIDATION_STATUS","Rejected","Rejected"
"lib/constants/taxonomy.ts","MANDATORY_DOCS_CHECKLIST_STATUS","Complete","Complete"
"lib/constants/taxonomy.ts","MANDATORY_DOCS_CHECKLIST_STATUS","Incomplete","Incomplete"
"lib/constants/taxonomy.ts","MANDATORY_DOCS_CHECKLIST_STATUS","Waived","Waived"
"lib/constants/taxonomy.ts","REGISTRY_FILE_ASSOCIATION_STATUS","Not Started","Not Started"
"lib/constants/taxonomy.ts","REGISTRY_FILE_ASSOCIATION_STATUS","In Progress","In Progress"
"lib/constants/taxonomy.ts","REGISTRY_FILE_ASSOCIATION_STATUS","Linked","Linked"
"lib/constants/taxonomy.ts","REGISTRY_FILE_ASSOCIATION_STATUS","No File Found","No File Found"
"lib/constants/taxonomy.ts","REGISTRY_FILE_ASSOCIATION_STATUS","Completed","Completed"
"lib/constants/taxonomy.ts","URGENCY_LEVELS","Normal","Normal"
"lib/constants/taxonomy.ts","URGENCY_LEVELS","Urgent","Urgent"
"lib/constants/taxonomy.ts","SECURITY_LEVELS","PUBLIC","Public"
"lib/constants/taxonomy.ts","SECURITY_LEVELS","INTERNAL","Internal"
"lib/constants/taxonomy.ts","SECURITY_LEVELS","CONF","Confidential"
"lib/constants/taxonomy.ts","SECURITY_LEVELS","LEGAL_PRIV","Legal Privileged"
"lib/constants/taxonomy.ts","SUBMISSION_CHANNELS","Portal","Portal"
"lib/constants/taxonomy.ts","SUBMISSION_CHANNELS","Email","Email"
"lib/constants/taxonomy.ts","SUBMISSION_CHANNELS","Paper","Paper"
"lib/constants/taxonomy.ts","DISPATCH_MODES","DIGITAL","Digital (Email/Portal)"
"lib/constants/taxonomy.ts","DISPATCH_MODES","PHYSICAL","Physical (Paper)"
"lib/constants/taxonomy.ts","DISPATCH_MODES","BOTH","Both Digital & Physical"
"lib/constants/taxonomy.ts","DOCUMENT_STATUS","DRAFT","Draft"
"lib/constants/taxonomy.ts","DOCUMENT_STATUS","FOR_REVIEW","For Review"
"lib/constants/taxonomy.ts","DOCUMENT_STATUS","FINAL","Final"
"lib/constants/taxonomy.ts","DOCUMENT_STATUS","SIGNED","Signed/Executed"
"lib/constants/taxonomy.ts","DOCUMENT_STATUS","ADJUDICATED","Adjudicated (Stamped)"
"lib/constants/taxonomy.ts","DOCUMENT_STATUS","SCANNED","Scanned Copy"
"lib/constants/taxonomy.ts","DOCUMENT_STATUS","SUPERSEDED","Superseded"
"lib/constants/taxonomy.ts","DOCUMENT_STATUS","CANCELLED","Cancelled/Void"
"lib/constants/taxonomy.ts","APPROVAL_DECISIONS","Approved","Approved"
"lib/constants/taxonomy.ts","APPROVAL_DECISIONS","Rejected","Rejected"
"lib/constants/taxonomy.ts","APPROVAL_DECISIONS","Returned for Correction","Returned for Correction"
"lib/constants/taxonomy.ts","APPROVAL_DECISIONS","Returned to MDA","Returned to MDA"
"lib/constants/taxonomy.ts","CONTRACT_DOCUMENT_TYPES","FORM","Award & Contract Formation"
"lib/constants/taxonomy.ts","CONTRACT_DOCUMENT_TYPES","FORM_LOA","Letter of Award"
"lib/constants/taxonomy.ts","CONTRACT_DOCUMENT_TYPES","FORM_LOE","Letter of Engagement"
"lib/constants/taxonomy.ts","CONTRACT_DOCUMENT_TYPES","FORM_ACCEPT","Acceptance of Award"
"lib/constants/taxonomy.ts","CONTRACT_DOCUMENT_TYPES","FORM_DRAFT","Draft Contract"
"lib/constants/taxonomy.ts","CONTRACT_DOCUMENT_TYPES","FORM_EXEC","Executed/Adjudicated Contract"
"lib/constants/taxonomy.ts","CONTRACT_DOCUMENT_TYPES","FORM_COND","Conditions of Contract"
"lib/constants/taxonomy.ts","CONTRACT_DOCUMENT_TYPES","FORM_TEMPL","Contract Template"
"lib/constants/taxonomy.ts","CONTRACT_DOCUMENT_TYPES","FORM_APPEND","Appendices/Attachments"
"lib/constants/taxonomy.ts","CONTRACT_DOCUMENT_TYPES","FORM_ADJ","Court Registration & Adjudication"
"lib/constants/taxonomy.ts","CONTRACT_DOCUMENT_TYPES","FORM_ADJ_REC","Supreme Court Registration Receipt"
"lib/constants/taxonomy.ts","CONTRACT_DOCUMENT_TYPES","FORM_ADJ_STAMP","Adjudication Stamp Evidence"
"lib/constants/taxonomy.ts","CONTRACT_DOCUMENT_TYPES","FORM_ADJ_SUB","Adjudication Submission Sheet"
"lib/constants/taxonomy.ts","CONTRACT_DOCUMENT_TYPES","PROC","Award Package / Source Documents"
"lib/constants/taxonomy.ts","CONTRACT_DOCUMENT_TYPES","PROC_TOR","Terms of Reference"
"lib/constants/taxonomy.ts","CONTRACT_DOCUMENT_TYPES","PROC_SCOPE","Scope of Works"
"lib/constants/taxonomy.ts","CONTRACT_DOCUMENT_TYPES","PROC_SPECS","Specifications"
"lib/constants/taxonomy.ts","CONTRACT_DOCUMENT_TYPES","PROC_TENDER","Tender Documents"
"lib/constants/taxonomy.ts","CONTRACT_DOCUMENT_TYPES","PROC_PROP","Proposal"
"lib/constants/taxonomy.ts","CONTRACT_DOCUMENT_TYPES","PROC_PROP_TECH","Technical Proposal"
"lib/constants/taxonomy.ts","CONTRACT_DOCUMENT_TYPES","PROC_PROP_FIN","Financial Proposal"
"lib/constants/taxonomy.ts","CONTRACT_DOCUMENT_TYPES","PROC_CAB_PAPER","Cabinet Paper"
"lib/constants/taxonomy.ts","CONTRACT_DOCUMENT_TYPES","PROC_CAB_APPR","Cabinet Approval"
"lib/constants/taxonomy.ts","CONTRACT_DOCUMENT_TYPES","PROC_SSP_REQ","Single Source Procurement Request"
"lib/constants/taxonomy.ts","CONTRACT_DOCUMENT_TYPES","PROC_SSP_APPR","Single Source Approval"
"lib/constants/taxonomy.ts","CONTRACT_DOCUMENT_TYPES","DUE","Supplier Due Diligence"
"lib/constants/taxonomy.ts","CONTRACT_DOCUMENT_TYPES","DUE_INCORP","Company Incorporation Documents"
"lib/constants/taxonomy.ts","CONTRACT_DOCUMENT_TYPES","DUE_BUS_REG","Business Registration"
"lib/constants/taxonomy.ts","CONTRACT_DOCUMENT_TYPES","DUE_GS","Certificate of Good Standing"
"lib/constants/taxonomy.ts","CONTRACT_DOCUMENT_TYPES","DUE_INS","Insurance Certificates"
"lib/constants/taxonomy.ts","CONTRACT_DOCUMENT_TYPES","DUE_LIC","Licences/Permits"
"lib/constants/taxonomy.ts","CONTRACT_DOCUMENT_TYPES","FIN","Financial & Security"
"lib/constants/taxonomy.ts","CONTRACT_DOCUMENT_TYPES","FIN_BOND","Performance Bond"
"lib/constants/taxonomy.ts","CONTRACT_DOCUMENT_TYPES","FIN_SURETY","Proof of Surety"
"lib/constants/taxonomy.ts","CONTRACT_DOCUMENT_TYPES","FIN_TREAS","Treasury Receipt/Deposit"
"lib/constants/taxonomy.ts","CONTRACT_DOCUMENT_TYPES","FIN_INV","Invoice"
"lib/constants/taxonomy.ts","CONTRACT_DOCUMENT_TYPES","FIN_PAY","Payment Record"
"lib/constants/taxonomy.ts","CONTRACT_DOCUMENT_TYPES","COMP","Compliance"
"lib/constants/taxonomy.ts","CONTRACT_DOCUMENT_TYPES","COMP_IDB","IDB Documentation"
"lib/constants/taxonomy.ts","CONTRACT_DOCUMENT_TYPES","COMP_IDB_EIC","Eligibility & Integrity Certificate"
"lib/constants/taxonomy.ts","CONTRACT_DOCUMENT_TYPES","COMP_IDB_COI","IDB Conflict of Interest Clause"
"lib/constants/taxonomy.ts","CONTRACT_DOCUMENT_TYPES","COMP_IDB_PP","IDB Prohibited Practices Clauses"
"lib/constants/taxonomy.ts","CONTRACT_DOCUMENT_TYPES","ADMIN","Administration & Correspondence"
"lib/constants/taxonomy.ts","CONTRACT_DOCUMENT_TYPES","ADMIN_EMAIL","Email Correspondence"
"lib/constants/taxonomy.ts","CONTRACT_DOCUMENT_TYPES","ADMIN_LET","Letter Correspondence"
"lib/constants/taxonomy.ts","CONTRACT_DOCUMENT_TYPES","ADMIN_MIN","Minute / Internal Memorandum"
"lib/constants/taxonomy.ts","CONTRACT_DOCUMENT_TYPES","ADMIN_VAR","Variation/Amendment"
"lib/constants/taxonomy.ts","CONTRACT_DOCUMENT_TYPES","ADMIN_EXT","Extension of Time"
"lib/constants/taxonomy.ts","CONTRACT_DOCUMENT_TYPES","ADMIN_TERM","Termination Notice"
"lib/constants/taxonomy.ts","CONTRACT_DOCUMENT_TYPES","ADMIN_REP","Reports/Deliverables"
"lib/constants/taxonomy.ts","CONTRACT_DOCUMENT_TYPES","ADMIN_DISP","Dispute/Arbitration"
"lib/constants/taxonomy.ts","CONTRACT_DOCUMENT_TYPES","ADMIN_DISPATCH","Dispatch & Distribution"
"lib/constants/taxonomy.ts","CONTRACT_DOCUMENT_TYPES","ADMIN_DISPATCH_NOTE","Cover Letter / Dispatch Note"
"lib/constants/taxonomy.ts","CONTRACT_DOCUMENT_TYPES","ADMIN_DISPATCH_EMAIL","Email to Ministry (Dispatch)"
"lib/constants/taxonomy.ts","CONTRACT_DOCUMENT_TYPES","ADMIN_DISPATCH_PROOF","Courier/Hand-delivery Proof"
"lib/constants/taxonomy.ts","CONTRACT_DOCUMENT_TYPES","ADMIN_DISPATCH_ACK","Ministry Acknowledgement of Receipt"
"lib/constants/taxonomy.ts","CONTRACT_DOCUMENT_TYPES","CLOSE","Closeout"
"lib/constants/taxonomy.ts","CONTRACT_DOCUMENT_TYPES","CLOSE_COMP_CERT","Completion Certificate"
"lib/constants/taxonomy.ts","CONTRACT_DOCUMENT_TYPES","CLOSE_FINAL_ACC","Final Acceptance"
"lib/constants/taxonomy.ts","CONTRACT_DOCUMENT_TYPES","CLOSE_AUDIT","Audit/Review"
"lib/constants/taxonomy.ts","CORRESPONDENCE_TYPES","GENERAL","General Correspondence"
"lib/constants/taxonomy.ts","CORRESPONDENCE_TYPES","LITIGATION","Litigation"
"lib/constants/taxonomy.ts","CORRESPONDENCE_TYPES","COMPENSATION","Compensation"
"lib/constants/taxonomy.ts","CORRESPONDENCE_TYPES","PUBLIC_TRUSTEE","Public Trustee"
"lib/constants/taxonomy.ts","CORRESPONDENCE_TYPES","ADVISORY","Advisory"
"lib/constants/taxonomy.ts","CORRESPONDENCE_TYPES","INTERNATIONAL_LAW","International Law"
"lib/constants/taxonomy.ts","CORRESPONDENCE_TYPES","CABINET_CONF","Cabinet / Confidential"
"lib/constants/taxonomy.ts","REGISTRY_FILE_TYPES","LOCAL","Local Registry File"
"lib/constants/taxonomy.ts","REGISTRY_FILE_TYPES","FOREIGN","Foreign / Ministry File"
"lib/constants/taxonomy.ts","REGISTRY_FILE_TYPES","COURT","Court File"
"lib/constants/taxonomy.ts","REGISTRY_FILE_TYPES","PUBLIC_TRUSTEE","Public Trustee File"
"lib/constants/taxonomy.ts","REGISTRY_FILE_TYPES","COMPENSATION","Compensation File"
"lib/constants/taxonomy.ts","REGISTRY_FILE_TYPES","ADVISORY","Advisory File"
"lib/constants/taxonomy.ts","SECURITY_PROFILES","STANDARD","Standard"
"lib/constants/taxonomy.ts","SECURITY_PROFILES","CONFIDENTIAL","Confidential"
"lib/constants/taxonomy.ts","SECURITY_PROFILES","CABINET","Cabinet-Restricted"
"lib/constants/taxonomy.ts","REGISTRY_CASE_STATUS","NEW","New"
"lib/constants/taxonomy.ts","REGISTRY_CASE_STATUS","PENDING_REVIEW","Pending SG/DSG Review"
"lib/constants/taxonomy.ts","REGISTRY_CASE_STATUS","ASSIGNED","Assigned / In Progress"
"lib/constants/taxonomy.ts","REGISTRY_CASE_STATUS","PENDING_EXTERNAL","Pending External"
"lib/constants/taxonomy.ts","REGISTRY_CASE_STATUS","ON_HOLD","On Hold"
"lib/constants/taxonomy.ts","REGISTRY_CASE_STATUS","CLOSED","Closed"
"lib/constants/taxonomy.ts","REGISTRY_CASE_STATUS","CANCELLED","Cancelled"
"lib/constants/taxonomy.ts","ORIGINATING_ENTITY_TYPES","MDA","Ministry / Department / Agency"
"lib/constants/taxonomy.ts","ORIGINATING_ENTITY_TYPES","COURT","Court"
"lib/constants/taxonomy.ts","ORIGINATING_ENTITY_TYPES","ATTORNEY","Attorney / Law Firm"
"lib/constants/taxonomy.ts","ORIGINATING_ENTITY_TYPES","PUBLIC","Member of the Public"
"lib/constants/taxonomy.ts","ORIGINATING_ENTITY_TYPES","OTHER","Other"
"lib/constants/taxonomy.ts","INTERNAL_RECIPIENTS","SG","Solicitor General"
"lib/constants/taxonomy.ts","INTERNAL_RECIPIENTS","DSG","Deputy Solicitor General"
"lib/constants/taxonomy.ts","INTERNAL_RECIPIENTS","SECRETARY","SG Secretary"
"lib/constants/taxonomy.ts","INTERNAL_RECIPIENTS","OTHER","Other"
"lib/constants/taxonomy.ts","NOTE_TYPES","DIRECTIVE","Directive"
"lib/constants/taxonomy.ts","NOTE_TYPES","APPROVAL","Approval"
"lib/constants/taxonomy.ts","NOTE_TYPES","COMMENT","Comment"
"lib/constants/taxonomy.ts","SUPPORTING_DOC_TYPES","REPORT","Report"
"lib/constants/taxonomy.ts","SUPPORTING_DOC_TYPES","ID","ID Copy"
"lib/constants/taxonomy.ts","SUPPORTING_DOC_TYPES","FORM","Form"
"lib/constants/taxonomy.ts","SUPPORTING_DOC_TYPES","EVIDENCE","Evidence / Exhibit"
"lib/constants/taxonomy.ts","SUPPORTING_DOC_TYPES","OTHER","Other"
"lib/constants/taxonomy.ts","REGISTRY_DOCUMENT_TYPES","INCOMING","Incoming Correspondence"
"lib/constants/taxonomy.ts","REGISTRY_DOCUMENT_TYPES","OUTGOING","Outgoing Correspondence"
"lib/constants/taxonomy.ts","REGISTRY_DOCUMENT_TYPES","COURT_DOC","Court Documents"
"lib/constants/taxonomy.ts","REGISTRY_DOCUMENT_TYPES","MINUTE","Minute Sheet / Internal Note"
"lib/constants/taxonomy.ts","REGISTRY_DOCUMENT_TYPES","SUPPORTING","Supporting Documents"
"lib/constants/taxonomy.ts","REGISTRY_DOCUMENT_TYPES","LEGACY_SCAN","Scanned Legacy Files"
"lib/constants/taxonomy.ts","REGISTRY_DOCUMENT_TYPES","COVER_SHEET","Registry Cover Sheet"
"lib/constants/taxonomy.ts","REGISTRY_DOCUMENT_TYPES","DISPATCH_PROOF","Dispatch Proof"
"lib/constants/taxonomy.ts","REGISTRY_DOCUMENT_TYPES","ACK","Acknowledgement of Receipt"
"lib/constants/taxonomy.ts","LEGAL_OFFICERS","JSMALL_DSG","Jennifer Small (DSG)"
"lib/constants/taxonomy.ts","LEGAL_OFFICERS","ASTOUTE_SCAG","Ashley Stoute-Straker (SC (Ag))"
"lib/constants/taxonomy.ts","LEGAL_OFFICERS","CFORDE_SSCAG","Cyrilene Forde (SSC (Ag))"
"lib/constants/taxonomy.ts","LEGAL_OFFICERS","SDEANE_PSC","Sharon Deane (PSC)"
"lib/constants/taxonomy.ts","LEGAL_OFFICERS","SJONES_SCAG","Shoné Jones (SC (Ag))"
"lib/constants/taxonomy.ts","ORIGINATING_MDAS","MOF","Ministry of Finance"
"lib/constants/taxonomy.ts","ORIGINATING_MDAS","MPW","Ministry of Public Works"
"lib/constants/taxonomy.ts","ORIGINATING_MDAS","MOH","Ministry of Health"
"lib/constants/taxonomy.ts","ORIGINATING_MDAS","MOE","Ministry of Education"
"lib/constants/taxonomy.ts","ORIGINATING_MDAS","MIB","Ministry of International Business"
"lib/constants/taxonomy.ts","ORIGINATING_MDAS","MLSS","Ministry of Labour and Social Security"
"lib/constants/taxonomy.ts","ORIGINATING_MDAS","MAF","Ministry of Agriculture and Food"
"lib/constants/taxonomy.ts","ORIGINATING_MDAS","MTGI","Ministry of Tourism and International Transport"
"lib/constants/taxonomy.ts","ORIGINATING_MDAS","MESWM","Ministry of Environment and National Beautification"
"lib/constants/taxonomy.ts","ORIGINATING_MDAS","MHTE","Ministry of Home Affairs"
"lib/constants/taxonomy.ts","ORIGINATING_MDAS","OPM","Office of the Prime Minister"
"lib/constants/taxonomy.ts","ORIGINATING_MDAS","AGC","Attorney General"
"lib/constants/taxonomy.ts","ORIGINATING_MDAS","CAB","Cabinet Office"
"lib/constants/taxonomy.ts","ORIGINATING_MDAS","OTHER","Other MDA"
"app/contracts/page.tsx","CONTRACT_NATURES","goods","Goods"
"app/contracts/page.tsx","CONTRACT_NATURES","consultancy","Consultancy / Services"
"app/contracts/page.tsx","CONTRACT_NATURES","works","Works"
"app/contracts/page.tsx","CONTRACT_TYPES","new","New Contract"
"app/contracts/page.tsx","CONTRACT_TYPES","renewal","Renewal"
"app/contracts/page.tsx","CONTRACT_TYPES","supplemental","Supplemental"
"app/contracts/page.tsx","CONTRACTOR_TYPES","company","Company / Corporation"
"app/contracts/page.tsx","CONTRACTOR_TYPES","individual","Individual / Sole Trader"
"app/contracts/page.tsx","CONTRACTOR_TYPES","joint-venture","Joint Venture / Consortium"
"app/contracts/page.tsx","CONTRACTOR_TYPES","government","Government Entity"
"app/contracts/page.tsx","CONTRACTOR_TYPES","ngo","NGO / Non-Profit"
"app/contracts/page.tsx","FUNDING_SOURCES","budget","Government Budget (Recurrent)"
"app/contracts/page.tsx","FUNDING_SOURCES","capital","Government Budget (Capital)"
"app/contracts/page.tsx","FUNDING_SOURCES","grant","Grant / Donor Funded"
"app/contracts/page.tsx","FUNDING_SOURCES","loan","Loan Funded (IDB, CDB, etc.)"
"app/contracts/page.tsx","FUNDING_SOURCES","mixed","Mixed / Multiple Sources"
"app/contracts/page.tsx","FUNDING_SOURCES","other","Other"
"app/contracts/page.tsx","PROCUREMENT_METHODS","open-tender","Open Competitive Tender"
"app/contracts/page.tsx","PROCUREMENT_METHODS","selective-tender","Selective / Limited Tender"
"app/contracts/page.tsx","PROCUREMENT_METHODS","single-source","Single Source Procurement"
"app/contracts/page.tsx","PROCUREMENT_METHODS","framework","Framework Agreement"
"app/contracts/page.tsx","PROCUREMENT_METHODS","direct","Direct Procurement (Below Threshold)"
"app/contracts/page.tsx","PROCUREMENT_METHODS","emergency","Emergency Procurement"
"app/contracts/page.tsx","CURRENCIES","BBD","BBD - Barbados Dollar"
"app/contracts/page.tsx","CURRENCIES","USD","USD - US Dollar"
"app/contracts/page.tsx","CURRENCIES","EUR","EUR - Euro"
"app/contracts/page.tsx","CURRENCIES","GBP","GBP - British Pound"
"app/contracts/page.tsx","CURRENCIES","XCD","XCD - East Caribbean Dollar"
"app/contracts/page.tsx","COUNTRIES","Barbados","Barbados"
"app/contracts/page.tsx","COUNTRIES","Trinidad and Tobago","Trinidad and Tobago"
"app/contracts/page.tsx","COUNTRIES","Jamaica","Jamaica"
"app/contracts/page.tsx","COUNTRIES","Guyana","Guyana"
"app/contracts/page.tsx","COUNTRIES","United States","United States"
"app/contracts/page.tsx","COUNTRIES","United Kingdom","United Kingdom"
"app/contracts/page.tsx","COUNTRIES","Canada","Canada"
"app/contracts/page.tsx","COUNTRIES","Other","Other"
"app/correspondence/page.tsx","CORRESPONDENCE_TYPES","general","General"
"app/correspondence/page.tsx","CORRESPONDENCE_TYPES","litigation","Litigation"
"app/correspondence/page.tsx","CORRESPONDENCE_TYPES","compensation","Compensation"
"app/correspondence/page.tsx","CORRESPONDENCE_TYPES","public-trustee","Public Trustee"
"app/correspondence/page.tsx","CORRESPONDENCE_TYPES","advisory","Advisory"
"app/correspondence/page.tsx","CORRESPONDENCE_TYPES","international-law","International Law"
"app/correspondence/page.tsx","CORRESPONDENCE_TYPES","cabinet","Cabinet / Confidential"
"app/correspondence/page.tsx","SUBMITTER_TYPES","ministry","Ministry / Government Agency (MDA)"
"app/correspondence/page.tsx","SUBMITTER_TYPES","court","Court"
"app/correspondence/page.tsx","SUBMITTER_TYPES","statutory","Statutory Body"
"app/correspondence/page.tsx","SUBMITTER_TYPES","public","Member of the Public"
"app/correspondence/page.tsx","SUBMITTER_TYPES","attorney","Attorney-at-Law"
"app/correspondence/page.tsx","SUBMITTER_TYPES","other","Other"
"app/correspondence/page.tsx","URGENCY_LEVELS","standard","Standard"
"app/correspondence/page.tsx","URGENCY_LEVELS","urgent","Urgent"
"app/correspondence/page.tsx","CONFIDENTIALITY_LEVELS","standard","Standard"
"app/correspondence/page.tsx","CONFIDENTIALITY_LEVELS","confidential","Confidential"
"app/correspondence/page.tsx","CONFIDENTIALITY_LEVELS","cabinet","Cabinet-Level-Restricted"
"app/correspondence/page.tsx","DOCUMENT_TYPES","correspondence","Correspondence Letter"
"app/correspondence/page.tsx","DOCUMENT_TYPES","supporting","Supporting Document"
"app/correspondence/page.tsx","DOCUMENT_TYPES","court_doc","Court Document"
"app/correspondence/page.tsx","DOCUMENT_TYPES","legal_opinion","Legal Opinion Request"
"app/correspondence/page.tsx","DOCUMENT_TYPES","cabinet_paper","Cabinet Paper"
"app/correspondence/page.tsx","DOCUMENT_TYPES","reference","Reference Material"
"app/correspondence/page.tsx","DOCUMENT_TYPES","other","Other"
